Name,Age,City,Salary
Emma,65,Toronto,56048
Priya,26,Ottawa,33434
Ravi,55,Kitchener,75302
Aarav,23,Toronto,48657
Priya,56,Guelph,23478
Ravi,63,Ottawa,91426
Ethan,46,Ottawa,97236
Noah,28,Toronto,75392
Olivia,27,Vancouver,48221
Olivia,23,Kitchener,69797
Emma,40,Montreal,99131
Noah,64,Toronto,80217
Ravi,42,Kitchener,30328
Ravi,58,Vancouver,67400
Mia,63,Ottawa,29116
Aarav,36,Ottawa,30458
Priya,42,Kitchener,56434
Sophia,28,Montreal,68520
Olivia,60,Ottawa,54993
Emma,58,London,42431
Ravi,28,Ottawa,80589
Ethan,58,Vancouver,93000
Priya,21,Montreal,50021
Aarav,43,Montreal,55093
Emma,54,Ottawa,61245
Priya,43,Hamilton,80142
Liam,26,Vancouver,52325
Ravi,34,Guelph,96622
Ethan,43,London,67447
Priya,50,Waterloo,84686
Emma,25,Toronto,40033
Liam,56,Calgary,28326
Ethan,56,Calgary,81348
Ravi,53,Vancouver,21504
Emma,35,Guelph,64587
Emma,45,Vancouver,40730
Sophia,64,Toronto,54522
Ravi,50,Waterloo,33947
Noah,56,Guelph,46071
Liam,28,Montreal,90697
Ravi,56,Toronto,62487
Sophia,25,Toronto,67576
Noah,21,Ottawa,51571
Mia,23,Kitchener,83699
Emma,26,Guelph,36828
Sophia,28,Guelph,54741
Ravi,45,London,47760
Ravi,63,Ottawa,60857
Ethan,46,Montreal,87839
Sophia,33,Kitchener,49451
Emma,19,Montreal,97110
Ravi,55,Ottawa,48864
Aarav,63,Kitchener,27716
Priya,20,Kitchener,63309
Emma,33,Guelph,56500
Sophia,52,Ottawa,37342
Mia,48,London,51850
Sophia,30,Calgary,32363
Emma,40,Calgary,75519
Ethan,64,Hamilton,27100
Emma,43,Toronto,64473
Emma,30,Ottawa,44931
Ravi,26,Hamilton,75296
Liam,47,Vancouver,52742
Emma,53,Hamilton,32833
Aarav,18,Guelph,32224
Priya,44,Waterloo,83653
Sophia,43,Ottawa,27685
Liam,18,Calgary,71173
Noah,36,Hamilton,75444
Ravi,27,Hamilton,44890
Noah,21,Ottawa,95914
Ravi,65,Toronto,61104
Aarav,55,Toronto,82493
Ravi,28,Guelph,27455
Ravi,29,Kitchener,28981
Mia,61,Kitchener,50828
Ethan,54,Kitchener,52271
Mia,20,London,30745
Ethan,54,London,88522
Olivia,31,Vancouver,61180
Priya,43,Vancouver,37154
Noah,38,Hamilton,29508
Aarav,57,Hamilton,93792
Emma,52,Kitchener,47938
Ravi,26,Vancouver,65745
Emma,41,Ottawa,57353
Liam,52,Hamilton,59651
Mia,18,Guelph,92692
Noah,26,Kitchener,54664
Emma,65,Kitchener,92512
Liam,36,Vancouver,99276
Priya,31,Montreal,54600
Ravi,34,Hamilton,26658
Emma,35,Calgary,25778
Aarav,26,Montreal,54335
Liam,53,Hamilton,76057
Ravi,25,Toronto,29862
Liam,20,Guelph,68393
Mia,27,Guelph,76333
Liam,37,Toronto,67795
Aarav,31,Montreal,52706
Emma,53,Montreal,73264
Mia,33,Waterloo,41299
Liam,19,Calgary,43509
Olivia,60,Calgary,52527
Noah,62,Waterloo,34168
Ethan,48,Toronto,49154
Priya,40,Hamilton,60001
Priya,19,Ottawa,45313
Ethan,35,Montreal,29099
Noah,59,Montreal,86768
Ethan,39,Guelph,23617
Emma,29,Vancouver,96099
Noah,24,Toronto,98193
Ethan,64,Montreal,61114
Ethan,50,London,35157
Ethan,30,London,53386
Aarav,18,Calgary,88146
Ravi,41,Ottawa,76531
Emma,57,Montreal,61145
Emma,50,Vancouver,60538
Ethan,43,Montreal,58752
Ravi,30,Waterloo,75108
Ethan,57,Waterloo,94593
Noah,53,Calgary,20053
Noah,31,Vancouver,76346
Mia,59,London,62237
Sophia,46,Hamilton,48010
Ravi,65,Hamilton,42241
Emma,50,Vancouver,63933
Emma,61,Ottawa,60687
Priya,27,Ottawa,23201
Aarav,48,Ottawa,29545
Sophia,58,Calgary,95454
Priya,49,Calgary,72383
Priya,59,Waterloo,20726
Emma,32,Calgary,43053
Ravi,21,Hamilton,93060
Priya,47,Kitchener,37477
Sophia,53,Guelph,98047
Olivia,57,Hamilton,86162
Ethan,46,Guelph,40861
Sophia,34,Hamilton,52406
Noah,49,Guelph,51358
Noah,22,Hamilton,57450
Priya,39,Vancouver,61904
Ravi,26,Kitchener,39769
Priya,62,Calgary,40028
Priya,44,Kitchener,73424
Olivia,47,Guelph,74496
Aarav,44,Ottawa,71049
Mia,54,Toronto,69857
Sophia,40,Toronto,59139
Ethan,52,Calgary,91582
Mia,49,Ottawa,48760
Noah,49,Calgary,23804
Ethan,60,Montreal,72994
Liam,26,Hamilton,90008
Aarav,55,Calgary,93975
Aarav,59,Kitchener,76179
Liam,29,Hamilton,26590
Noah,38,Calgary,47742
Sophia,39,Montreal,69692
Noah,34,Calgary,30735
Sophia,65,Toronto,90702
Aarav,32,Montreal,28993
Aarav,33,Toronto,46130
Aarav,27,London,51266
Liam,60,Hamilton,34993
Mia,47,Ottawa,53586
Olivia,56,Waterloo,99593
Emma,37,Waterloo,34168
Mia,37,Toronto,95470
Ethan,63,Calgary,45995
Emma,62,London,51830
Emma,61,Vancouver,98697
Emma,20,London,65508
Ravi,60,Calgary,68571
Emma,59,Guelph,64725
Aarav,49,Calgary,33833
Ethan,58,Montreal,80258
Liam,29,Calgary,88386
Noah,52,London,83372
Sophia,64,Calgary,97656
Noah,33,Montreal,31359
Noah,33,Hamilton,80910
Mia,60,London,69674
Olivia,49,Toronto,62600
Liam,31,Hamilton,66507
Noah,35,Montreal,98139
Noah,18,Guelph,87715
Priya,33,Kitchener,73271
Sophia,33,Guelph,82402
Sophia,19,Hamilton,32196
Noah,43,Ottawa,51890
Noah,41,London,82031
Ravi,40,Guelph,75771
Ravi,40,Montreal,79473
Noah,34,Vancouver,50217
Emma,38,Ottawa,35670
Ravi,30,Waterloo,48361
Sophia,64,Vancouver,97278
Ravi,36,London,33176
Priya,32,Vancouver,67301
Liam,18,Vancouver,90010
Liam,20,Vancouver,27146
Ravi,62,Vancouver,36551
Sophia,18,Kitchener,95243
Noah,48,Hamilton,77733
Olivia,21,Waterloo,53092
Sophia,22,Kitchener,72521
Sophia,54,Kitchener,27026
Liam,54,Waterloo,59824
Emma,25,Ottawa,93147
Ethan,56,London,49581
Ravi,46,Calgary,78028
Noah,45,London,60026
Mia,21,London,99905
Emma,58,Ottawa,47659
Noah,28,Kitchener,51439
Liam,22,Guelph,40517
Aarav,46,Calgary,97832
Sophia,20,Vancouver,50340
Noah,62,Vancouver,79510
Emma,34,Ottawa,97304
Priya,25,Calgary,91376
Priya,35,Waterloo,38643
Emma,28,Toronto,60319
Mia,36,London,77560
Emma,62,Hamilton,59857
Ethan,50,Vancouver,90776
Sophia,23,Hamilton,98385
Aarav,65,Calgary,62247
Mia,19,Vancouver,31970
Priya,55,London,22719
Noah,20,London,42962
Sophia,59,Guelph,77963
Noah,55,Waterloo,77132
Sophia,48,Kitchener,65607
Ethan,38,Montreal,33710
Liam,44,Montreal,84942
Noah,53,Calgary,24809
Sophia,38,Kitchener,53082
Olivia,43,Kitchener,87449
Aarav,47,Guelph,74165
Aarav,51,Ottawa,67419
Mia,58,Hamilton,77939
Aarav,35,Ottawa,91987
Liam,46,Vancouver,83532
Emma,58,Toronto,99806
Priya,37,Waterloo,92199
Aarav,44,Guelph,32217
Priya,47,Kitchener,35396
Liam,63,Hamilton,58254
Ravi,44,Vancouver,83242
Sophia,47,Ottawa,92255
Liam,30,Calgary,98561
Ravi,22,Waterloo,56208
Ethan,50,Montreal,55018
Aarav,64,Vancouver,59132
Mia,60,London,84178
Liam,52,Hamilton,83483
Olivia,53,Montreal,91228
Ethan,38,Hamilton,44727
Priya,42,London,50613
Ethan,38,Toronto,81993
Ethan,60,Calgary,39936
Sophia,26,Toronto,85836
Mia,24,Montreal,77711
Emma,47,Guelph,22011
Liam,59,Calgary,40232
Emma,34,Hamilton,64375
Mia,59,Calgary,30527
Olivia,42,Guelph,61505
Sophia,20,Guelph,28968
Priya,32,Vancouver,31846
Ethan,58,Kitchener,33173
Sophia,62,Waterloo,59251
Aarav,38,Toronto,27355
Noah,41,Montreal,76450
Liam,51,Ottawa,74008
Mia,28,Waterloo,42946
Emma,42,London,51566
Sophia,27,London,50433
Sophia,47,Vancouver,53466
Aarav,36,Hamilton,91643
Liam,46,Kitchener,65293
Mia,58,Vancouver,75615
Noah,37,Hamilton,46111
Ethan,24,Hamilton,51091
Ethan,40,London,95341
Noah,19,Vancouver,71879
Noah,54,Toronto,26428
Mia,36,Hamilton,50162
Mia,32,Montreal,44920
Mia,61,Vancouver,37927
Emma,37,Toronto,77779
Aarav,41,London,37224
Emma,38,Vancouver,74460
Liam,26,Ottawa,90701
Olivia,50,Guelph,55720
Liam,48,Vancouver,58684
Olivia,47,Kitchener,29869
Liam,61,Ottawa,72089
Ravi,23,Montreal,71717
Aarav,52,Vancouver,36199
Sophia,61,Montreal,54362
Mia,58,Calgary,68689
Emma,48,Ottawa,23280
Mia,38,Guelph,99964
Priya,58,Kitchener,80852
Noah,25,Calgary,38320
Aarav,37,Toronto,84569
Emma,33,Kitchener,90457
Liam,47,Calgary,68629
Ravi,55,Calgary,40253
Ethan,49,Kitchener,73492
Noah,62,Toronto,68566
Priya,46,Hamilton,50947
Olivia,61,Kitchener,68147
Ravi,21,Montreal,72184
Noah,25,Ottawa,79600
Emma,59,Ottawa,98269
Aarav,39,Toronto,51925
Liam,31,London,28992
Ravi,55,Ottawa,48305
Priya,27,Montreal,98116
Aarav,27,Vancouver,37038
Ravi,29,Vancouver,34408
Aarav,18,Waterloo,66955
Priya,38,London,22068
Liam,21,Vancouver,36614
Ethan,25,Guelph,28330
Sophia,41,Hamilton,87271
Mia,46,Kitchener,86039
Priya,20,London,88347
Noah,59,Hamilton,24082
Aarav,43,Hamilton,75872
Emma,63,Hamilton,78138
Emma,38,Kitchener,99730
Liam,26,Kitchener,56046
Mia,53,London,62622
Ethan,51,London,58652
Sophia,56,Guelph,76387
Emma,59,Kitchener,92264
Priya,46,Calgary,49949
Ethan,47,Montreal,72262
Ethan,38,Kitchener,75936
Olivia,41,Vancouver,40006
Sophia,23,Kitchener,31188
Emma,24,Calgary,68843
Liam,21,Guelph,96869
Ravi,39,Guelph,36021
Ethan,60,Montreal,75435
Aarav,56,Vancouver,60953
Olivia,54,Kitchener,86507
Priya,60,Waterloo,83201
Priya,40,Kitchener,92910
Olivia,35,Kitchener,95248
Priya,53,Calgary,92972
Aarav,60,London,55054
Aarav,35,Waterloo,60499
Olivia,18,Montreal,43777
Liam,60,London,72531
Emma,65,Waterloo,24018
Emma,31,Guelph,69308
Ethan,39,Hamilton,40631
Olivia,64,Vancouver,62517
Mia,23,London,26895
Liam,57,Waterloo,26522
Emma,46,Vancouver,75576
Sophia,46,London,74287
Noah,50,Ottawa,34918
Olivia,25,Calgary,57125
Mia,51,Hamilton,60425
Aarav,43,Ottawa,98554
Aarav,31,Toronto,59507
Priya,34,Waterloo,57938
Olivia,18,Kitchener,85193
Ethan,26,Waterloo,69834
Ravi,50,Ottawa,93233
Olivia,43,Kitchener,25544
Ethan,47,Toronto,30205
Olivia,45,London,95156
Ethan,36,Calgary,35096
Ethan,38,Toronto,42527
Mia,62,Hamilton,67428
Emma,24,Calgary,51891
Ethan,43,London,88676
Emma,37,Calgary,64500
Priya,28,Montreal,30011
Ravi,51,Kitchener,86840
Priya,40,Montreal,39358
Priya,27,Kitchener,53550
Priya,56,Waterloo,40036
Emma,58,Waterloo,84764
Sophia,55,London,78838
Mia,38,London,61436
Liam,22,Hamilton,81462
Sophia,35,Vancouver,97518
Aarav,50,Montreal,29724
Noah,46,Hamilton,24929
Aarav,36,Montreal,30057
Emma,56,London,86462
Ethan,55,Hamilton,92655
Aarav,54,Hamilton,44672
Olivia,48,London,85715
Liam,46,Toronto,33566
Olivia,50,Kitchener,42617
Aarav,63,Ottawa,77377
Sophia,51,Guelph,99928
Liam,41,Montreal,57079
Ethan,39,Calgary,98366
Aarav,22,Montreal,63213
Emma,61,Guelph,70667
Noah,64,Vancouver,98997
Liam,23,Montreal,96380
Liam,37,Montreal,71374
Liam,63,London,31104
Noah,42,Guelph,63054
Liam,23,Guelph,75496
Ravi,19,Montreal,67526
Noah,31,Waterloo,64791
Sophia,32,Ottawa,38030
Liam,36,Kitchener,33256
Ravi,65,Guelph,89013
Aarav,57,Montreal,37176
Mia,27,Calgary,41266
Liam,28,London,77366
Aarav,41,Calgary,51133
Sophia,36,London,78841
Priya,33,Guelph,60562
Sophia,41,Ottawa,94766
Sophia,36,Hamilton,70052
Ravi,44,Guelph,41241
Priya,26,London,52768
Aarav,41,Hamilton,92684
Emma,25,Guelph,57363
Emma,35,Waterloo,78893
Ravi,45,Waterloo,32021
Priya,40,Hamilton,23495
Ethan,43,Toronto,85799
Olivia,42,Ottawa,30696
Olivia,19,Ottawa,61770
Emma,27,Montreal,38035
Aarav,48,Vancouver,38191
Sophia,57,Hamilton,20688
Emma,34,Toronto,48266
Liam,64,Guelph,99807
Ravi,25,Calgary,57762
Priya,25,Vancouver,26258
Priya,58,Calgary,79914
Emma,49,Kitchener,98215
Ravi,58,Toronto,87551
Mia,63,Ottawa,38818
Noah,18,Calgary,66244
Priya,44,London,44551
Emma,41,Guelph,28870
Ravi,50,Guelph,86535
Ravi,42,Toronto,81621
Aarav,41,Calgary,53246
Aarav,22,Montreal,65193
Priya,55,Kitchener,63583
Liam,40,Toronto,91567
Olivia,61,Waterloo,80899
Sophia,26,Waterloo,28270
Sophia,36,Toronto,46422
Aarav,20,Ottawa,61365
Noah,43,Guelph,91176
Sophia,20,Vancouver,45048
Noah,21,Montreal,63506
Noah,41,Kitchener,77272
Ethan,42,Hamilton,64438
Liam,62,Hamilton,85211
Olivia,35,Guelph,30828
Ethan,45,Kitchener,98964
Liam,36,Guelph,62101
Emma,38,Kitchener,58750
Noah,56,Hamilton,75851
Liam,40,Hamilton,78606
Aarav,57,Montreal,77008
Noah,22,Toronto,73242
Olivia,65,Guelph,40969
Aarav,56,Waterloo,77432
Aarav,22,Waterloo,50932
Olivia,42,Montreal,94349
Aarav,27,London,78972
Olivia,46,Montreal,30077
Mia,51,Waterloo,68096
Ethan,59,Montreal,56528
Priya,19,Kitchener,44385
Sophia,42,Guelph,93619
Emma,34,Vancouver,78493
Priya,36,London,84382
Priya,26,Kitchener,29706
Sophia,63,Waterloo,78341
Emma,60,Montreal,65537
Emma,52,Guelph,58058
Noah,63,Waterloo,42818
