Model,generation,operator_count,internal_cv_score,Pipeline
RandomForestClassifier,5,2.0,0.6366211474231598,"RandomForestClassifier(PolynomialFeatures(input_matrix, PolynomialFeatures__degree=2, PolynomialFeatures__include_bias=False, PolynomialFeatures__interaction_only=False), RandomForestClassifier__bootstrap=False, RandomForestClassifier__criterion=gini, RandomForestClassifier__max_features=0.2, RandomForestClassifier__min_samples_leaf=6, RandomForestClassifier__min_samples_split=4, RandomForestClassifier__n_estimators=100)"
RandomForestClassifier,3,1.0,0.6357037162304993,"RandomForestClassifier(input_matrix, RandomForestClassifier__bootstrap=False, RandomForestClassifier__criterion=gini, RandomForestClassifier__max_features=0.25, RandomForestClassifier__min_samples_leaf=2, RandomForestClassifier__min_samples_split=12, RandomForestClassifier__n_estimators=100)"
RandomForestClassifier,4,2.0,0.6357037162304993,"RandomForestClassifier(OneHotEncoder(input_matrix, OneHotEncoder__minimum_fraction=0.1, OneHotEncoder__sparse=False, OneHotEncoder__threshold=10), RandomForestClassifier__bootstrap=False, RandomForestClassifier__criterion=gini, RandomForestClassifier__max_features=0.25, RandomForestClassifier__min_samples_leaf=2, RandomForestClassifier__min_samples_split=12, RandomForestClassifier__n_estimators=100)"
RandomForestClassifier,4,3.0,0.6356994884369846,"RandomForestClassifier(MinMaxScaler(PolynomialFeatures(input_matrix, PolynomialFeatures__degree=2, PolynomialFeatures__include_bias=False, PolynomialFeatures__interaction_only=False)), RandomForestClassifier__bootstrap=False, RandomForestClassifier__criterion=gini, RandomForestClassifier__max_features=0.2, RandomForestClassifier__min_samples_leaf=6, RandomForestClassifier__min_samples_split=4, RandomForestClassifier__n_estimators=100)"
RandomForestClassifier,5,2.0,0.6347778294508096,"RandomForestClassifier(PolynomialFeatures(input_matrix, PolynomialFeatures__degree=2, PolynomialFeatures__include_bias=False, PolynomialFeatures__interaction_only=False), RandomForestClassifier__bootstrap=True, RandomForestClassifier__criterion=entropy, RandomForestClassifier__max_features=0.2, RandomForestClassifier__min_samples_leaf=8, RandomForestClassifier__min_samples_split=4, RandomForestClassifier__n_estimators=100)"
RandomForestClassifier,0,2.0,0.6338730816386928,"RandomForestClassifier(PolynomialFeatures(input_matrix, PolynomialFeatures__degree=2, PolynomialFeatures__include_bias=False, PolynomialFeatures__interaction_only=False), RandomForestClassifier__bootstrap=False, RandomForestClassifier__criterion=gini, RandomForestClassifier__max_features=0.25, RandomForestClassifier__min_samples_leaf=2, RandomForestClassifier__min_samples_split=8, RandomForestClassifier__n_estimators=100)"
RandomForestClassifier,2,1.0,0.6338477148776054,"RandomForestClassifier(input_matrix, RandomForestClassifier__bootstrap=False, RandomForestClassifier__criterion=gini, RandomForestClassifier__max_features=0.25, RandomForestClassifier__min_samples_leaf=2, RandomForestClassifier__min_samples_split=14, RandomForestClassifier__n_estimators=100)"
RandomForestClassifier,3,2.0,0.6329598782395467,"RandomForestClassifier(PolynomialFeatures(input_matrix, PolynomialFeatures__degree=2, PolynomialFeatures__include_bias=False, PolynomialFeatures__interaction_only=False), RandomForestClassifier__bootstrap=True, RandomForestClassifier__criterion=gini, RandomForestClassifier__max_features=0.2, RandomForestClassifier__min_samples_leaf=8, RandomForestClassifier__min_samples_split=4, RandomForestClassifier__n_estimators=100)"
ExtraTreesClassifier,5,1.0,0.632917600304401,"ExtraTreesClassifier(input_matrix, ExtraTreesClassifier__bootstrap=False, ExtraTreesClassifier__criterion=gini, ExtraTreesClassifier__max_features=0.8, ExtraTreesClassifier__min_samples_leaf=18, ExtraTreesClassifier__min_samples_split=5, ExtraTreesClassifier__n_estimators=100)"
RandomForestClassifier,5,1.0,0.6320128524922843,"RandomForestClassifier(input_matrix, RandomForestClassifier__bootstrap=True, RandomForestClassifier__criterion=gini, RandomForestClassifier__max_features=0.25, RandomForestClassifier__min_samples_leaf=2, RandomForestClassifier__min_samples_split=14, RandomForestClassifier__n_estimators=100)"
RandomForestClassifier,4,2.0,0.6320086246987697,"RandomForestClassifier(MinMaxScaler(input_matrix), RandomForestClassifier__bootstrap=True, RandomForestClassifier__criterion=gini, RandomForestClassifier__max_features=0.2, RandomForestClassifier__min_samples_leaf=7, RandomForestClassifier__min_samples_split=4, RandomForestClassifier__n_estimators=100)"
RandomForestClassifier,2,3.0,0.6311165602671964,"RandomForestClassifier(MinMaxScaler(PolynomialFeatures(input_matrix, PolynomialFeatures__degree=2, PolynomialFeatures__include_bias=False, PolynomialFeatures__interaction_only=False)), RandomForestClassifier__bootstrap=True, RandomForestClassifier__criterion=gini, RandomForestClassifier__max_features=0.2, RandomForestClassifier__min_samples_leaf=8, RandomForestClassifier__min_samples_split=4, RandomForestClassifier__n_estimators=100)"
RandomForestClassifier,1,2.0,0.631112332473682,"RandomForestClassifier(PolynomialFeatures(input_matrix, PolynomialFeatures__degree=2, PolynomialFeatures__include_bias=False, PolynomialFeatures__interaction_only=False), RandomForestClassifier__bootstrap=False, RandomForestClassifier__criterion=gini, RandomForestClassifier__max_features=0.25, RandomForestClassifier__min_samples_leaf=2, RandomForestClassifier__min_samples_split=14, RandomForestClassifier__n_estimators=100)"
RandomForestClassifier,5,3.0,0.631112332473682,"RandomForestClassifier(PolynomialFeatures(OneHotEncoder(input_matrix, OneHotEncoder__minimum_fraction=0.05, OneHotEncoder__sparse=False, OneHotEncoder__threshold=10), PolynomialFeatures__degree=2, PolynomialFeatures__include_bias=False, PolynomialFeatures__interaction_only=False), RandomForestClassifier__bootstrap=False, RandomForestClassifier__criterion=gini, RandomForestClassifier__max_features=0.25, RandomForestClassifier__min_samples_leaf=2, RandomForestClassifier__min_samples_split=14, RandomForestClassifier__n_estimators=100)"
RandomForestClassifier,3,3.0,0.6311038768866528,"RandomForestClassifier(MinMaxScaler(PolynomialFeatures(input_matrix, PolynomialFeatures__degree=2, PolynomialFeatures__include_bias=False, PolynomialFeatures__interaction_only=False)), RandomForestClassifier__bootstrap=False, RandomForestClassifier__criterion=gini, RandomForestClassifier__max_features=0.2, RandomForestClassifier__min_samples_leaf=8, RandomForestClassifier__min_samples_split=4, RandomForestClassifier__n_estimators=100)"
RandomForestClassifier,5,3.0,0.6310911935061092,"RandomForestClassifier(RobustScaler(MinMaxScaler(input_matrix)), RandomForestClassifier__bootstrap=True, RandomForestClassifier__criterion=gini, RandomForestClassifier__max_features=0.2, RandomForestClassifier__min_samples_leaf=7, RandomForestClassifier__min_samples_split=4, RandomForestClassifier__n_estimators=100)"
ExtraTreesClassifier,5,2.0,0.6301949012810215,"ExtraTreesClassifier(RobustScaler(input_matrix), ExtraTreesClassifier__bootstrap=True, ExtraTreesClassifier__criterion=entropy, ExtraTreesClassifier__max_features=0.8, ExtraTreesClassifier__min_samples_leaf=4, ExtraTreesClassifier__min_samples_split=7, ExtraTreesClassifier__n_estimators=100)"
ExtraTreesClassifier,4,1.0,0.6301949012810215,"ExtraTreesClassifier(input_matrix, ExtraTreesClassifier__bootstrap=True, ExtraTreesClassifier__criterion=entropy, ExtraTreesClassifier__max_features=0.8, ExtraTreesClassifier__min_samples_leaf=4, ExtraTreesClassifier__min_samples_split=7, ExtraTreesClassifier__n_estimators=100)"
RandomForestClassifier,5,2.0,0.6292521033272734,"RandomForestClassifier(VarianceThreshold(input_matrix, VarianceThreshold__threshold=0.0005), RandomForestClassifier__bootstrap=True, RandomForestClassifier__criterion=gini, RandomForestClassifier__max_features=0.2, RandomForestClassifier__min_samples_leaf=8, RandomForestClassifier__min_samples_split=4, RandomForestClassifier__n_estimators=100)"
RandomForestClassifier,1,1.0,0.6292521033272734,"RandomForestClassifier(input_matrix, RandomForestClassifier__bootstrap=True, RandomForestClassifier__criterion=gini, RandomForestClassifier__max_features=0.2, RandomForestClassifier__min_samples_leaf=8, RandomForestClassifier__min_samples_split=4, RandomForestClassifier__n_estimators=100)"
RandomForestClassifier,4,2.0,0.6292436477402443,"RandomForestClassifier(MinMaxScaler(input_matrix), RandomForestClassifier__bootstrap=False, RandomForestClassifier__criterion=gini, RandomForestClassifier__max_features=0.2, RandomForestClassifier__min_samples_leaf=8, RandomForestClassifier__min_samples_split=4, RandomForestClassifier__n_estimators=100)"
ExtraTreesClassifier,1,1.0,0.6292351921532152,"ExtraTreesClassifier(input_matrix, ExtraTreesClassifier__bootstrap=True, ExtraTreesClassifier__criterion=entropy, ExtraTreesClassifier__max_features=0.8, ExtraTreesClassifier__min_samples_leaf=19, ExtraTreesClassifier__min_samples_split=2, ExtraTreesClassifier__n_estimators=100)"
ExtraTreesClassifier,2,2.0,0.6292351921532152,"ExtraTreesClassifier(MaxAbsScaler(input_matrix), ExtraTreesClassifier__bootstrap=True, ExtraTreesClassifier__criterion=entropy, ExtraTreesClassifier__max_features=0.8, ExtraTreesClassifier__min_samples_leaf=19, ExtraTreesClassifier__min_samples_split=7, ExtraTreesClassifier__n_estimators=100)"
ExtraTreesClassifier,3,1.0,0.6292351921532152,"ExtraTreesClassifier(input_matrix, ExtraTreesClassifier__bootstrap=True, ExtraTreesClassifier__criterion=entropy, ExtraTreesClassifier__max_features=0.8, ExtraTreesClassifier__min_samples_leaf=19, ExtraTreesClassifier__min_samples_split=19, ExtraTreesClassifier__n_estimators=100)"
ExtraTreesClassifier,4,1.0,0.6292351921532152,"ExtraTreesClassifier(input_matrix, ExtraTreesClassifier__bootstrap=True, ExtraTreesClassifier__criterion=entropy, ExtraTreesClassifier__max_features=0.8, ExtraTreesClassifier__min_samples_leaf=19, ExtraTreesClassifier__min_samples_split=6, ExtraTreesClassifier__n_estimators=100)"
ExtraTreesClassifier,0,1.0,0.6292351921532152,"ExtraTreesClassifier(input_matrix, ExtraTreesClassifier__bootstrap=True, ExtraTreesClassifier__criterion=entropy, ExtraTreesClassifier__max_features=0.8, ExtraTreesClassifier__min_samples_leaf=19, ExtraTreesClassifier__min_samples_split=5, ExtraTreesClassifier__n_estimators=100)"
ExtraTreesClassifier,3,2.0,0.6292351921532152,"ExtraTreesClassifier(OneHotEncoder(input_matrix, OneHotEncoder__minimum_fraction=0.25, OneHotEncoder__sparse=False, OneHotEncoder__threshold=10), ExtraTreesClassifier__bootstrap=True, ExtraTreesClassifier__criterion=entropy, ExtraTreesClassifier__max_features=0.8, ExtraTreesClassifier__min_samples_leaf=19, ExtraTreesClassifier__min_samples_split=2, ExtraTreesClassifier__n_estimators=100)"
ExtraTreesClassifier,4,2.0,0.6292351921532152,"ExtraTreesClassifier(RobustScaler(input_matrix), ExtraTreesClassifier__bootstrap=True, ExtraTreesClassifier__criterion=entropy, ExtraTreesClassifier__max_features=0.8, ExtraTreesClassifier__min_samples_leaf=19, ExtraTreesClassifier__min_samples_split=5, ExtraTreesClassifier__n_estimators=100)"
ExtraTreesClassifier,1,1.0,0.6292351921532152,"ExtraTreesClassifier(input_matrix, ExtraTreesClassifier__bootstrap=True, ExtraTreesClassifier__criterion=entropy, ExtraTreesClassifier__max_features=0.8, ExtraTreesClassifier__min_samples_leaf=19, ExtraTreesClassifier__min_samples_split=7, ExtraTreesClassifier__n_estimators=100)"
RandomForestClassifier,5,2.0,0.6283558111021857,"RandomForestClassifier(PolynomialFeatures(input_matrix, PolynomialFeatures__degree=2, PolynomialFeatures__include_bias=False, PolynomialFeatures__interaction_only=False), RandomForestClassifier__bootstrap=False, RandomForestClassifier__criterion=gini, RandomForestClassifier__max_features=0.4, RandomForestClassifier__min_samples_leaf=2, RandomForestClassifier__min_samples_split=8, RandomForestClassifier__n_estimators=100)"
ExtraTreesClassifier,5,1.0,0.6283177609605547,"ExtraTreesClassifier(CombineDFs(input_matrix, input_matrix), ExtraTreesClassifier__bootstrap=True, ExtraTreesClassifier__criterion=entropy, ExtraTreesClassifier__max_features=0.8, ExtraTreesClassifier__min_samples_leaf=19, ExtraTreesClassifier__min_samples_split=19, ExtraTreesClassifier__n_estimators=100)"
ExtraTreesClassifier,3,1.0,0.6283177609605547,"ExtraTreesClassifier(CombineDFs(input_matrix, input_matrix), ExtraTreesClassifier__bootstrap=True, ExtraTreesClassifier__criterion=entropy, ExtraTreesClassifier__max_features=0.8, ExtraTreesClassifier__min_samples_leaf=19, ExtraTreesClassifier__min_samples_split=5, ExtraTreesClassifier__n_estimators=100)"
RandomForestClassifier,5,2.0,0.6274256965289815,"RandomForestClassifier(SelectFwe(input_matrix, SelectFwe__alpha=0.002), RandomForestClassifier__bootstrap=False, RandomForestClassifier__criterion=gini, RandomForestClassifier__max_features=0.25, RandomForestClassifier__min_samples_leaf=2, RandomForestClassifier__min_samples_split=12, RandomForestClassifier__n_estimators=100)"
RandomForestClassifier,5,3.0,0.627421468735467,"RandomForestClassifier(MinMaxScaler(PolynomialFeatures(input_matrix, PolynomialFeatures__degree=2, PolynomialFeatures__include_bias=False, PolynomialFeatures__interaction_only=False)), RandomForestClassifier__bootstrap=False, RandomForestClassifier__criterion=entropy, RandomForestClassifier__max_features=0.25, RandomForestClassifier__min_samples_leaf=13, RandomForestClassifier__min_samples_split=12, RandomForestClassifier__n_estimators=100)"
RandomForestClassifier,4,2.0,0.627421468735467,"RandomForestClassifier(PolynomialFeatures(input_matrix, PolynomialFeatures__degree=2, PolynomialFeatures__include_bias=False, PolynomialFeatures__interaction_only=False), RandomForestClassifier__bootstrap=True, RandomForestClassifier__criterion=gini, RandomForestClassifier__max_features=0.2, RandomForestClassifier__min_samples_leaf=16, RandomForestClassifier__min_samples_split=4, RandomForestClassifier__n_estimators=100)"
ExtraTreesClassifier,4,1.0,0.6274087853549234,"ExtraTreesClassifier(input_matrix, ExtraTreesClassifier__bootstrap=False, ExtraTreesClassifier__criterion=entropy, ExtraTreesClassifier__max_features=0.8, ExtraTreesClassifier__min_samples_leaf=18, ExtraTreesClassifier__min_samples_split=5, ExtraTreesClassifier__n_estimators=100)"
RandomForestClassifier,4,3.0,0.6274087853549233,"RandomForestClassifier(OneHotEncoder(MinMaxScaler(input_matrix), OneHotEncoder__minimum_fraction=0.15, OneHotEncoder__sparse=False, OneHotEncoder__threshold=10), RandomForestClassifier__bootstrap=True, RandomForestClassifier__criterion=gini, RandomForestClassifier__max_features=0.2, RandomForestClassifier__min_samples_leaf=8, RandomForestClassifier__min_samples_split=4, RandomForestClassifier__n_estimators=100)"
RandomForestClassifier,0,2.0,0.6274087853549233,"RandomForestClassifier(MinMaxScaler(input_matrix), RandomForestClassifier__bootstrap=True, RandomForestClassifier__criterion=gini, RandomForestClassifier__max_features=0.2, RandomForestClassifier__min_samples_leaf=8, RandomForestClassifier__min_samples_split=4, RandomForestClassifier__n_estimators=100)"
ExtraTreesClassifier,4,2.0,0.6274045575614087,"ExtraTreesClassifier(OneHotEncoder(input_matrix, OneHotEncoder__minimum_fraction=0.25, OneHotEncoder__sparse=False, OneHotEncoder__threshold=10), ExtraTreesClassifier__bootstrap=False, ExtraTreesClassifier__criterion=entropy, ExtraTreesClassifier__max_features=0.8, ExtraTreesClassifier__min_samples_leaf=19, ExtraTreesClassifier__min_samples_split=2, ExtraTreesClassifier__n_estimators=100)"
ExtraTreesClassifier,3,2.0,0.6274045575614087,"ExtraTreesClassifier(VarianceThreshold(input_matrix, VarianceThreshold__threshold=0.0005), ExtraTreesClassifier__bootstrap=False, ExtraTreesClassifier__criterion=entropy, ExtraTreesClassifier__max_features=0.8, ExtraTreesClassifier__min_samples_leaf=19, ExtraTreesClassifier__min_samples_split=5, ExtraTreesClassifier__n_estimators=100)"
ExtraTreesClassifier,1,1.0,0.6274045575614087,"ExtraTreesClassifier(input_matrix, ExtraTreesClassifier__bootstrap=False, ExtraTreesClassifier__criterion=entropy, ExtraTreesClassifier__max_features=0.8, ExtraTreesClassifier__min_samples_leaf=19, ExtraTreesClassifier__min_samples_split=5, ExtraTreesClassifier__n_estimators=100)"
ExtraTreesClassifier,5,1.0,0.6274045575614087,"ExtraTreesClassifier(input_matrix, ExtraTreesClassifier__bootstrap=False, ExtraTreesClassifier__criterion=entropy, ExtraTreesClassifier__max_features=0.8, ExtraTreesClassifier__min_samples_leaf=19, ExtraTreesClassifier__min_samples_split=7, ExtraTreesClassifier__n_estimators=100)"
ExtraTreesClassifier,3,2.0,0.6273961019743797,"ExtraTreesClassifier(RandomForestClassifier(input_matrix, RandomForestClassifier__bootstrap=True, RandomForestClassifier__criterion=entropy, RandomForestClassifier__max_features=0.8, RandomForestClassifier__min_samples_leaf=20, RandomForestClassifier__min_samples_split=10, RandomForestClassifier__n_estimators=100), ExtraTreesClassifier__bootstrap=False, ExtraTreesClassifier__criterion=entropy, ExtraTreesClassifier__max_features=0.35000000000000003, ExtraTreesClassifier__min_samples_leaf=18, ExtraTreesClassifier__min_samples_split=9, ExtraTreesClassifier__n_estimators=100)"
ExtraTreesClassifier,4,1.0,0.6273961019743796,"ExtraTreesClassifier(input_matrix, ExtraTreesClassifier__bootstrap=True, ExtraTreesClassifier__criterion=entropy, ExtraTreesClassifier__max_features=0.8, ExtraTreesClassifier__min_samples_leaf=18, ExtraTreesClassifier__min_samples_split=10, ExtraTreesClassifier__n_estimators=100)"
ExtraTreesClassifier,2,1.0,0.6273961019743796,"ExtraTreesClassifier(input_matrix, ExtraTreesClassifier__bootstrap=True, ExtraTreesClassifier__criterion=entropy, ExtraTreesClassifier__max_features=0.8, ExtraTreesClassifier__min_samples_leaf=18, ExtraTreesClassifier__min_samples_split=5, ExtraTreesClassifier__n_estimators=100)"
ExtraTreesClassifier,4,1.0,0.6273834185938358,"ExtraTreesClassifier(input_matrix, ExtraTreesClassifier__bootstrap=True, ExtraTreesClassifier__criterion=entropy, ExtraTreesClassifier__max_features=0.8500000000000001, ExtraTreesClassifier__min_samples_leaf=19, ExtraTreesClassifier__min_samples_split=7, ExtraTreesClassifier__n_estimators=100)"
ExtraTreesClassifier,3,1.0,0.6273834185938358,"ExtraTreesClassifier(input_matrix, ExtraTreesClassifier__bootstrap=True, ExtraTreesClassifier__criterion=entropy, ExtraTreesClassifier__max_features=0.8500000000000001, ExtraTreesClassifier__min_samples_leaf=19, ExtraTreesClassifier__min_samples_split=2, ExtraTreesClassifier__n_estimators=100)"
RandomForestClassifier,5,2.0,0.6265209487168646,"RandomForestClassifier(PolynomialFeatures(input_matrix, PolynomialFeatures__degree=2, PolynomialFeatures__include_bias=False, PolynomialFeatures__interaction_only=False), RandomForestClassifier__bootstrap=True, RandomForestClassifier__criterion=gini, RandomForestClassifier__max_features=0.25, RandomForestClassifier__min_samples_leaf=2, RandomForestClassifier__min_samples_split=8, RandomForestClassifier__n_estimators=100)"
RandomForestClassifier,3,1.0,0.6264871263687481,"RandomForestClassifier(input_matrix, RandomForestClassifier__bootstrap=False, RandomForestClassifier__criterion=gini, RandomForestClassifier__max_features=0.25, RandomForestClassifier__min_samples_leaf=2, RandomForestClassifier__min_samples_split=8, RandomForestClassifier__n_estimators=100)"
ExtraTreesClassifier,1,2.0,0.6264786707817189,"ExtraTreesClassifier(RandomForestClassifier(input_matrix, RandomForestClassifier__bootstrap=True, RandomForestClassifier__criterion=entropy, RandomForestClassifier__max_features=0.6000000000000001, RandomForestClassifier__min_samples_leaf=20, RandomForestClassifier__min_samples_split=10, RandomForestClassifier__n_estimators=100), ExtraTreesClassifier__bootstrap=False, ExtraTreesClassifier__criterion=entropy, ExtraTreesClassifier__max_features=0.35000000000000003, ExtraTreesClassifier__min_samples_leaf=18, ExtraTreesClassifier__min_samples_split=9, ExtraTreesClassifier__n_estimators=100)"
LogisticRegression,1,1.0,0.6264744429882044,"LogisticRegression(input_matrix, LogisticRegression__C=15.0, LogisticRegression__dual=False, LogisticRegression__penalty=l2)"
ExtraTreesClassifier,1,1.0,0.6264659874011753,"ExtraTreesClassifier(input_matrix, ExtraTreesClassifier__bootstrap=False, ExtraTreesClassifier__criterion=entropy, ExtraTreesClassifier__max_features=1.0, ExtraTreesClassifier__min_samples_leaf=17, ExtraTreesClassifier__min_samples_split=18, ExtraTreesClassifier__n_estimators=100)"
RandomForestClassifier,2,2.0,0.625573922969602,"RandomForestClassifier(RobustScaler(input_matrix), RandomForestClassifier__bootstrap=False, RandomForestClassifier__criterion=gini, RandomForestClassifier__max_features=0.25, RandomForestClassifier__min_samples_leaf=2, RandomForestClassifier__min_samples_split=8, RandomForestClassifier__n_estimators=100)"
RandomForestClassifier,5,2.0,0.6246480361899125,"RandomForestClassifier(OneHotEncoder(input_matrix, OneHotEncoder__minimum_fraction=0.1, OneHotEncoder__sparse=False, OneHotEncoder__threshold=10), RandomForestClassifier__bootstrap=False, RandomForestClassifier__criterion=entropy, RandomForestClassifier__max_features=0.25, RandomForestClassifier__min_samples_leaf=2, RandomForestClassifier__min_samples_split=12, RandomForestClassifier__n_estimators=100)"
ExtraTreesClassifier,3,1.0,0.6246353528093688,"ExtraTreesClassifier(input_matrix, ExtraTreesClassifier__bootstrap=True, ExtraTreesClassifier__criterion=entropy, ExtraTreesClassifier__max_features=0.8, ExtraTreesClassifier__min_samples_leaf=16, ExtraTreesClassifier__min_samples_split=2, ExtraTreesClassifier__n_estimators=100)"
ExtraTreesClassifier,2,2.0,0.6228258571851351,"ExtraTreesClassifier(ExtraTreesClassifier(input_matrix, ExtraTreesClassifier__bootstrap=True, ExtraTreesClassifier__criterion=gini, ExtraTreesClassifier__max_features=0.3, ExtraTreesClassifier__min_samples_leaf=14, ExtraTreesClassifier__min_samples_split=17, ExtraTreesClassifier__n_estimators=100), ExtraTreesClassifier__bootstrap=True, ExtraTreesClassifier__criterion=entropy, ExtraTreesClassifier__max_features=0.8, ExtraTreesClassifier__min_samples_leaf=19, ExtraTreesClassifier__min_samples_split=7, ExtraTreesClassifier__n_estimators=100)"
RandomForestClassifier,3,2.0,0.6219084259924745,"RandomForestClassifier(MinMaxScaler(input_matrix), RandomForestClassifier__bootstrap=True, RandomForestClassifier__criterion=gini, RandomForestClassifier__max_features=0.3, RandomForestClassifier__min_samples_leaf=8, RandomForestClassifier__min_samples_split=4, RandomForestClassifier__n_estimators=100)"
MLPClassifier,0,1.0,0.621874603644358,"MLPClassifier(input_matrix, MLPClassifier__alpha=0.0001, MLPClassifier__learning_rate_init=0.001)"
ExtraTreesClassifier,4,3.0,0.6200651080201244,"ExtraTreesClassifier(OneHotEncoder(RandomForestClassifier(input_matrix, RandomForestClassifier__bootstrap=False, RandomForestClassifier__criterion=entropy, RandomForestClassifier__max_features=0.3, RandomForestClassifier__min_samples_leaf=7, RandomForestClassifier__min_samples_split=6, RandomForestClassifier__n_estimators=100), OneHotEncoder__minimum_fraction=0.25, OneHotEncoder__sparse=False, OneHotEncoder__threshold=10), ExtraTreesClassifier__bootstrap=True, ExtraTreesClassifier__criterion=entropy, ExtraTreesClassifier__max_features=0.8, ExtraTreesClassifier__min_samples_leaf=19, ExtraTreesClassifier__min_samples_split=2, ExtraTreesClassifier__n_estimators=100)"
XGBClassifier,2,3.0,0.6200524246395805,"XGBClassifier(GaussianNB(RFE(input_matrix, RFE__ExtraTreesClassifier__criterion=entropy, RFE__ExtraTreesClassifier__max_features=0.7000000000000001, RFE__ExtraTreesClassifier__n_estimators=100, RFE__step=0.7500000000000001)), XGBClassifier__learning_rate=0.01, XGBClassifier__max_depth=10, XGBClassifier__min_child_weight=17, XGBClassifier__n_estimators=100, XGBClassifier__n_jobs=1, XGBClassifier__subsample=1.0, XGBClassifier__verbosity=0)"
ExtraTreesClassifier,2,2.0,0.6200439690525514,"ExtraTreesClassifier(BernoulliNB(input_matrix, BernoulliNB__alpha=0.01, BernoulliNB__fit_prior=False), ExtraTreesClassifier__bootstrap=True, ExtraTreesClassifier__criterion=entropy, ExtraTreesClassifier__max_features=0.8, ExtraTreesClassifier__min_samples_leaf=19, ExtraTreesClassifier__min_samples_split=7, ExtraTreesClassifier__n_estimators=100)"
GaussianNB,2,3.0,0.6181752843191138,"GaussianNB(RandomForestClassifier(ZeroCount(input_matrix), RandomForestClassifier__bootstrap=False, RandomForestClassifier__criterion=entropy, RandomForestClassifier__max_features=0.6500000000000001, RandomForestClassifier__min_samples_leaf=12, RandomForestClassifier__min_samples_split=14, RandomForestClassifier__n_estimators=100))"
GaussianNB,2,3.0,0.6181752843191138,"GaussianNB(RandomForestClassifier(ZeroCount(input_matrix), RandomForestClassifier__bootstrap=False, RandomForestClassifier__criterion=entropy, RandomForestClassifier__max_features=0.6500000000000001, RandomForestClassifier__min_samples_leaf=12, RandomForestClassifier__min_samples_split=8, RandomForestClassifier__n_estimators=100))"
GaussianNB,1,3.0,0.6181752843191138,"GaussianNB(RandomForestClassifier(ZeroCount(input_matrix), RandomForestClassifier__bootstrap=False, RandomForestClassifier__criterion=entropy, RandomForestClassifier__max_features=0.6500000000000001, RandomForestClassifier__min_samples_leaf=12, RandomForestClassifier__min_samples_split=16, RandomForestClassifier__n_estimators=100))"
KNeighborsClassifier,1,3.0,0.6163615609013655,"KNeighborsClassifier(ExtraTreesClassifier(PCA(input_matrix, PCA__iterated_power=5, PCA__svd_solver=randomized), ExtraTreesClassifier__bootstrap=True, ExtraTreesClassifier__criterion=gini, ExtraTreesClassifier__max_features=0.55, ExtraTreesClassifier__min_samples_leaf=3, ExtraTreesClassifier__min_samples_split=18, ExtraTreesClassifier__n_estimators=100), KNeighborsClassifier__n_neighbors=67, KNeighborsClassifier__p=1, KNeighborsClassifier__weights=uniform)"
GaussianNB,2,4.0,0.6163277385532491,"GaussianNB(RandomForestClassifier(ZeroCount(RobustScaler(input_matrix)), RandomForestClassifier__bootstrap=False, RandomForestClassifier__criterion=entropy, RandomForestClassifier__max_features=0.6500000000000001, RandomForestClassifier__min_samples_leaf=12, RandomForestClassifier__min_samples_split=16, RandomForestClassifier__n_estimators=100))"
KNeighborsClassifier,2,3.0,0.6154399019151905,"KNeighborsClassifier(ExtraTreesClassifier(PCA(input_matrix, PCA__iterated_power=5, PCA__svd_solver=randomized), ExtraTreesClassifier__bootstrap=True, ExtraTreesClassifier__criterion=gini, ExtraTreesClassifier__max_features=0.55, ExtraTreesClassifier__min_samples_leaf=9, ExtraTreesClassifier__min_samples_split=18, ExtraTreesClassifier__n_estimators=100), KNeighborsClassifier__n_neighbors=67, KNeighborsClassifier__p=1, KNeighborsClassifier__weights=uniform)"
GaussianNB,0,2.0,0.6154229907411322,"GaussianNB(RandomForestClassifier(input_matrix, RandomForestClassifier__bootstrap=False, RandomForestClassifier__criterion=entropy, RandomForestClassifier__max_features=0.6500000000000001, RandomForestClassifier__min_samples_leaf=12, RandomForestClassifier__min_samples_split=16, RandomForestClassifier__n_estimators=100))"
XGBClassifier,0,1.0,0.6144886483744134,"XGBClassifier(input_matrix, XGBClassifier__learning_rate=0.01, XGBClassifier__max_depth=10, XGBClassifier__min_child_weight=17, XGBClassifier__n_estimators=100, XGBClassifier__n_jobs=1, XGBClassifier__subsample=1.0, XGBClassifier__verbosity=0)"
RandomForestClassifier,5,2.0,0.6136219507039276,"RandomForestClassifier(SelectPercentile(input_matrix, SelectPercentile__percentile=26), RandomForestClassifier__bootstrap=False, RandomForestClassifier__criterion=gini, RandomForestClassifier__max_features=0.25, RandomForestClassifier__min_samples_leaf=2, RandomForestClassifier__min_samples_split=14, RandomForestClassifier__n_estimators=100)"
ExtraTreesClassifier,4,2.0,0.6127045195112671,"ExtraTreesClassifier(RBFSampler(input_matrix, RBFSampler__gamma=0.15000000000000002), ExtraTreesClassifier__bootstrap=True, ExtraTreesClassifier__criterion=entropy, ExtraTreesClassifier__max_features=0.8, ExtraTreesClassifier__min_samples_leaf=19, ExtraTreesClassifier__min_samples_split=5, ExtraTreesClassifier__n_estimators=100)"
KNeighborsClassifier,2,3.0,0.6126918361307234,"KNeighborsClassifier(ExtraTreesClassifier(PCA(input_matrix, PCA__iterated_power=5, PCA__svd_solver=randomized), ExtraTreesClassifier__bootstrap=True, ExtraTreesClassifier__criterion=gini, ExtraTreesClassifier__max_features=0.55, ExtraTreesClassifier__min_samples_leaf=3, ExtraTreesClassifier__min_samples_split=18, ExtraTreesClassifier__n_estimators=100), KNeighborsClassifier__n_neighbors=67, KNeighborsClassifier__p=2, KNeighborsClassifier__weights=uniform)"
XGBClassifier,2,1.0,0.6117448103834608,"XGBClassifier(input_matrix, XGBClassifier__learning_rate=0.01, XGBClassifier__max_depth=5, XGBClassifier__min_child_weight=20, XGBClassifier__n_estimators=100, XGBClassifier__n_jobs=1, XGBClassifier__subsample=0.6500000000000001, XGBClassifier__verbosity=0)"
ExtraTreesClassifier,4,3.0,0.6108654293324314,"ExtraTreesClassifier(BernoulliNB(MaxAbsScaler(input_matrix), BernoulliNB__alpha=1.0, BernoulliNB__fit_prior=True), ExtraTreesClassifier__bootstrap=True, ExtraTreesClassifier__criterion=entropy, ExtraTreesClassifier__max_features=0.8, ExtraTreesClassifier__min_samples_leaf=19, ExtraTreesClassifier__min_samples_split=7, ExtraTreesClassifier__n_estimators=100)"
RandomForestClassifier,4,3.0,0.6108569737454024,"RandomForestClassifier(MinMaxScaler(PolynomialFeatures(input_matrix, PolynomialFeatures__degree=2, PolynomialFeatures__include_bias=False, PolynomialFeatures__interaction_only=False)), RandomForestClassifier__bootstrap=False, RandomForestClassifier__criterion=gini, RandomForestClassifier__max_features=0.2, RandomForestClassifier__min_samples_leaf=1, RandomForestClassifier__min_samples_split=4, RandomForestClassifier__n_estimators=100)"
RandomForestClassifier,3,2.0,0.6108442903648585,"RandomForestClassifier(BernoulliNB(input_matrix, BernoulliNB__alpha=100.0, BernoulliNB__fit_prior=False), RandomForestClassifier__bootstrap=False, RandomForestClassifier__criterion=gini, RandomForestClassifier__max_features=0.25, RandomForestClassifier__min_samples_leaf=2, RandomForestClassifier__min_samples_split=14, RandomForestClassifier__n_estimators=100)"
ExtraTreesClassifier,3,2.0,0.6071830211812455,"ExtraTreesClassifier(ExtraTreesClassifier(input_matrix, ExtraTreesClassifier__bootstrap=False, ExtraTreesClassifier__criterion=gini, ExtraTreesClassifier__max_features=0.3, ExtraTreesClassifier__min_samples_leaf=14, ExtraTreesClassifier__min_samples_split=17, ExtraTreesClassifier__n_estimators=100), ExtraTreesClassifier__bootstrap=True, ExtraTreesClassifier__criterion=entropy, ExtraTreesClassifier__max_features=0.8, ExtraTreesClassifier__min_samples_leaf=19, ExtraTreesClassifier__min_samples_split=7, ExtraTreesClassifier__n_estimators=100)"
GradientBoostingClassifier,0,2.0,0.6071618822136727,"GradientBoostingClassifier(BernoulliNB(input_matrix, BernoulliNB__alpha=0.01, BernoulliNB__fit_prior=True), GradientBoostingClassifier__learning_rate=0.1, GradientBoostingClassifier__max_depth=9, GradientBoostingClassifier__max_features=0.3, GradientBoostingClassifier__min_samples_leaf=18, GradientBoostingClassifier__min_samples_split=19, GradientBoostingClassifier__n_estimators=100, GradientBoostingClassifier__subsample=0.7000000000000001)"
XGBClassifier,1,2.0,0.6052889696867205,"XGBClassifier(RFE(input_matrix, RFE__ExtraTreesClassifier__criterion=entropy, RFE__ExtraTreesClassifier__max_features=0.7000000000000001, RFE__ExtraTreesClassifier__n_estimators=100, RFE__step=0.7500000000000001), XGBClassifier__learning_rate=0.01, XGBClassifier__max_depth=10, XGBClassifier__min_child_weight=17, XGBClassifier__n_estimators=100, XGBClassifier__n_jobs=1, XGBClassifier__subsample=1.0, XGBClassifier__verbosity=0)"
KNeighborsClassifier,1,2.0,0.6044138164292056,"KNeighborsClassifier(PCA(input_matrix, PCA__iterated_power=5, PCA__svd_solver=randomized), KNeighborsClassifier__n_neighbors=67, KNeighborsClassifier__p=1, KNeighborsClassifier__weights=distance)"
ExtraTreesClassifier,0,1.0,0.6043757662875745,"ExtraTreesClassifier(input_matrix, ExtraTreesClassifier__bootstrap=False, ExtraTreesClassifier__criterion=entropy, ExtraTreesClassifier__max_features=0.35000000000000003, ExtraTreesClassifier__min_samples_leaf=18, ExtraTreesClassifier__min_samples_split=9, ExtraTreesClassifier__n_estimators=100)"
ExtraTreesClassifier,4,3.0,0.6035090686170888,"ExtraTreesClassifier(MaxAbsScaler(XGBClassifier(input_matrix, XGBClassifier__learning_rate=0.1, XGBClassifier__max_depth=5, XGBClassifier__min_child_weight=11, XGBClassifier__n_estimators=100, XGBClassifier__n_jobs=1, XGBClassifier__subsample=0.9000000000000001, XGBClassifier__verbosity=0)), ExtraTreesClassifier__bootstrap=True, ExtraTreesClassifier__criterion=entropy, ExtraTreesClassifier__max_features=0.8, ExtraTreesClassifier__min_samples_leaf=19, ExtraTreesClassifier__min_samples_split=7, ExtraTreesClassifier__n_estimators=100)"
KNeighborsClassifier,0,2.0,0.5961315689341731,"KNeighborsClassifier(PCA(input_matrix, PCA__iterated_power=5, PCA__svd_solver=randomized), KNeighborsClassifier__n_neighbors=67, KNeighborsClassifier__p=1, KNeighborsClassifier__weights=uniform)"
ExtraTreesClassifier,2,2.0,0.5961146577601151,"ExtraTreesClassifier(Nystroem(input_matrix, Nystroem__gamma=0.9500000000000001, Nystroem__kernel=cosine, Nystroem__n_components=4), ExtraTreesClassifier__bootstrap=False, ExtraTreesClassifier__criterion=entropy, ExtraTreesClassifier__max_features=0.8, ExtraTreesClassifier__min_samples_leaf=19, ExtraTreesClassifier__min_samples_split=5, ExtraTreesClassifier__n_estimators=100)"
ExtraTreesClassifier,3,2.0,0.5933665919756479,"ExtraTreesClassifier(PCA(input_matrix, PCA__iterated_power=9, PCA__svd_solver=randomized), ExtraTreesClassifier__bootstrap=True, ExtraTreesClassifier__criterion=entropy, ExtraTreesClassifier__max_features=0.8, ExtraTreesClassifier__min_samples_leaf=19, ExtraTreesClassifier__min_samples_split=2, ExtraTreesClassifier__n_estimators=100)"
DecisionTreeClassifier,2,1.0,0.5933581363886188,"DecisionTreeClassifier(input_matrix, DecisionTreeClassifier__criterion=gini, DecisionTreeClassifier__max_depth=4, DecisionTreeClassifier__min_samples_leaf=2, DecisionTreeClassifier__min_samples_split=14)"
GaussianNB,0,2.0,0.5915232740032976,GaussianNB(RobustScaler(input_matrix))
GaussianNB,1,3.0,0.5915232740032976,GaussianNB(RobustScaler(ZeroCount(input_matrix)))
GaussianNB,0,1.0,0.5915232740032976,GaussianNB(input_matrix)
LinearSVC,0,2.0,0.5896926394114912,"LinearSVC(SelectFwe(input_matrix, SelectFwe__alpha=0.036000000000000004), LinearSVC__C=0.0001, LinearSVC__dual=True, LinearSVC__loss=squared_hinge, LinearSVC__penalty=l2, LinearSVC__tol=0.001)"
XGBClassifier,1,1.0,0.5887878915993742,"XGBClassifier(input_matrix, XGBClassifier__learning_rate=0.5, XGBClassifier__max_depth=1, XGBClassifier__min_child_weight=8, XGBClassifier__n_estimators=100, XGBClassifier__n_jobs=1, XGBClassifier__subsample=0.55, XGBClassifier__verbosity=0)"
GradientBoostingClassifier,2,3.0,0.5887752082188306,"GradientBoostingClassifier(BernoulliNB(BernoulliNB(input_matrix, BernoulliNB__alpha=0.01, BernoulliNB__fit_prior=True), BernoulliNB__alpha=10.0, BernoulliNB__fit_prior=True), GradientBoostingClassifier__learning_rate=0.1, GradientBoostingClassifier__max_depth=9, GradientBoostingClassifier__max_features=0.3, GradientBoostingClassifier__min_samples_leaf=18, GradientBoostingClassifier__min_samples_split=19, GradientBoostingClassifier__n_estimators=100, GradientBoostingClassifier__subsample=0.7000000000000001)"
XGBClassifier,0,2.0,0.5878704604067136,"XGBClassifier(XGBClassifier(input_matrix, XGBClassifier__learning_rate=0.5, XGBClassifier__max_depth=3, XGBClassifier__min_child_weight=8, XGBClassifier__n_estimators=100, XGBClassifier__n_jobs=1, XGBClassifier__subsample=1.0, XGBClassifier__verbosity=0), XGBClassifier__learning_rate=1.0, XGBClassifier__max_depth=2, XGBClassifier__min_child_weight=10, XGBClassifier__n_estimators=100, XGBClassifier__n_jobs=1, XGBClassifier__subsample=0.9500000000000001, XGBClassifier__verbosity=0)"
ExtraTreesClassifier,5,2.0,0.5823489620766923,"ExtraTreesClassifier(Binarizer(input_matrix, Binarizer__threshold=0.9), ExtraTreesClassifier__bootstrap=True, ExtraTreesClassifier__criterion=entropy, ExtraTreesClassifier__max_features=0.8, ExtraTreesClassifier__min_samples_leaf=19, ExtraTreesClassifier__min_samples_split=2, ExtraTreesClassifier__n_estimators=100)"
ExtraTreesClassifier,3,2.0,0.5795966684987105,"ExtraTreesClassifier(KNeighborsClassifier(input_matrix, KNeighborsClassifier__n_neighbors=12, KNeighborsClassifier__p=1, KNeighborsClassifier__weights=distance), ExtraTreesClassifier__bootstrap=True, ExtraTreesClassifier__criterion=entropy, ExtraTreesClassifier__max_features=0.8, ExtraTreesClassifier__min_samples_leaf=18, ExtraTreesClassifier__min_samples_split=5, ExtraTreesClassifier__n_estimators=100)"
DecisionTreeClassifier,0,1.0,0.5730900942797954,"DecisionTreeClassifier(input_matrix, DecisionTreeClassifier__criterion=gini, DecisionTreeClassifier__max_depth=2, DecisionTreeClassifier__min_samples_leaf=17, DecisionTreeClassifier__min_samples_split=8)"
MLPClassifier,3,1.0,0.5676362406460068,"MLPClassifier(input_matrix, MLPClassifier__alpha=0.0001, MLPClassifier__learning_rate_init=0.5)"
KNeighborsClassifier,0,1.0,0.5667399484209191,"KNeighborsClassifier(input_matrix, KNeighborsClassifier__n_neighbors=3, KNeighborsClassifier__p=1, KNeighborsClassifier__weights=distance)"
BernoulliNB,1,2.0,0.566693442692259,"BernoulliNB(SGDClassifier(input_matrix, SGDClassifier__alpha=0.01, SGDClassifier__eta0=0.01, SGDClassifier__fit_intercept=False, SGDClassifier__l1_ratio=0.5, SGDClassifier__learning_rate=constant, SGDClassifier__loss=perceptron, SGDClassifier__penalty=elasticnet, SGDClassifier__power_t=0.1), BernoulliNB__alpha=1.0, BernoulliNB__fit_prior=False)"
BernoulliNB,0,2.0,0.5657717837060837,"BernoulliNB(SGDClassifier(input_matrix, SGDClassifier__alpha=0.01, SGDClassifier__eta0=0.01, SGDClassifier__fit_intercept=False, SGDClassifier__l1_ratio=0.5, SGDClassifier__learning_rate=invscaling, SGDClassifier__loss=perceptron, SGDClassifier__penalty=elasticnet, SGDClassifier__power_t=0.1), BernoulliNB__alpha=1.0, BernoulliNB__fit_prior=False)"
ExtraTreesClassifier,1,2.0,0.5557180907284488,"ExtraTreesClassifier(RBFSampler(input_matrix, RBFSampler__gamma=0.5), ExtraTreesClassifier__bootstrap=False, ExtraTreesClassifier__criterion=gini, ExtraTreesClassifier__max_features=1.0, ExtraTreesClassifier__min_samples_leaf=17, ExtraTreesClassifier__min_samples_split=18, ExtraTreesClassifier__n_estimators=100)"
DecisionTreeClassifier,0,2.0,0.5547414704265844,"DecisionTreeClassifier(SelectFwe(input_matrix, SelectFwe__alpha=0.002), DecisionTreeClassifier__criterion=entropy, DecisionTreeClassifier__max_depth=10, DecisionTreeClassifier__min_samples_leaf=4, DecisionTreeClassifier__min_samples_split=3)"
KNeighborsClassifier,1,1.0,0.553840950407982,"KNeighborsClassifier(input_matrix, KNeighborsClassifier__n_neighbors=3, KNeighborsClassifier__p=1, KNeighborsClassifier__weights=uniform)"
ExtraTreesClassifier,0,2.0,0.5465395510083287,"ExtraTreesClassifier(RBFSampler(input_matrix, RBFSampler__gamma=0.5), ExtraTreesClassifier__bootstrap=False, ExtraTreesClassifier__criterion=entropy, ExtraTreesClassifier__max_features=1.0, ExtraTreesClassifier__min_samples_leaf=17, ExtraTreesClassifier__min_samples_split=18, ExtraTreesClassifier__n_estimators=100)"
ExtraTreesClassifier,1,2.0,0.5465395510083287,"ExtraTreesClassifier(RBFSampler(input_matrix, RBFSampler__gamma=0.5), ExtraTreesClassifier__bootstrap=False, ExtraTreesClassifier__criterion=entropy, ExtraTreesClassifier__max_features=1.0, ExtraTreesClassifier__min_samples_leaf=17, ExtraTreesClassifier__min_samples_split=13, ExtraTreesClassifier__n_estimators=100)"
KNeighborsClassifier,1,2.0,0.545546019532406,"KNeighborsClassifier(RBFSampler(input_matrix, RBFSampler__gamma=0.6000000000000001), KNeighborsClassifier__n_neighbors=3, KNeighborsClassifier__p=1, KNeighborsClassifier__weights=distance)"
BernoulliNB,3,1.0,0.5446074493721726,"BernoulliNB(input_matrix, BernoulliNB__alpha=0.1, BernoulliNB__fit_prior=False)"
LogisticRegression,2,2.0,0.5060076945841965,"LogisticRegression(RBFSampler(input_matrix, RBFSampler__gamma=0.6000000000000001), LogisticRegression__C=15.0, LogisticRegression__dual=False, LogisticRegression__penalty=l2)"
GradientBoostingClassifier,2,2.0,0.4710184754576587,"GradientBoostingClassifier(BernoulliNB(input_matrix, BernoulliNB__alpha=0.01, BernoulliNB__fit_prior=True), GradientBoostingClassifier__learning_rate=0.001, GradientBoostingClassifier__max_depth=1, GradientBoostingClassifier__max_features=0.25, GradientBoostingClassifier__min_samples_leaf=7, GradientBoostingClassifier__min_samples_split=10, GradientBoostingClassifier__n_estimators=100, GradientBoostingClassifier__subsample=0.7000000000000001)"
XGBClassifier,0,1.0,0.4710184754576587,"XGBClassifier(input_matrix, XGBClassifier__learning_rate=0.001, XGBClassifier__max_depth=9, XGBClassifier__min_child_weight=7, XGBClassifier__n_estimators=100, XGBClassifier__n_jobs=1, XGBClassifier__subsample=0.45, XGBClassifier__verbosity=0)"
GaussianNB,2,2.0,0.4426795755295312,"GaussianNB(Nystroem(input_matrix, Nystroem__gamma=0.7000000000000001, Nystroem__kernel=laplacian, Nystroem__n_components=2))"
SGDClassifier,1,2.0,0.42233543313744554,"SGDClassifier(BernoulliNB(input_matrix, BernoulliNB__alpha=0.001, BernoulliNB__fit_prior=False), SGDClassifier__alpha=0.01, SGDClassifier__eta0=1.0, SGDClassifier__fit_intercept=True, SGDClassifier__l1_ratio=1.0, SGDClassifier__learning_rate=invscaling, SGDClassifier__loss=perceptron, SGDClassifier__penalty=elasticnet, SGDClassifier__power_t=50.0)"
SGDClassifier,0,1.0,0.40947871305965416,"SGDClassifier(input_matrix, SGDClassifier__alpha=0.01, SGDClassifier__eta0=1.0, SGDClassifier__fit_intercept=True, SGDClassifier__l1_ratio=1.0, SGDClassifier__learning_rate=invscaling, SGDClassifier__loss=perceptron, SGDClassifier__penalty=elasticnet, SGDClassifier__power_t=50.0)"
RandomForestClassifier,5,5000.0,-inf,"RandomForestClassifier(MinMaxScaler(PolynomialFeatures(PolynomialFeatures(input_matrix, PolynomialFeatures__degree=2, PolynomialFeatures__include_bias=False, PolynomialFeatures__interaction_only=False), PolynomialFeatures__degree=2, PolynomialFeatures__include_bias=False, PolynomialFeatures__interaction_only=False)), RandomForestClassifier__bootstrap=True, RandomForestClassifier__criterion=gini, RandomForestClassifier__max_features=0.2, RandomForestClassifier__min_samples_leaf=8, RandomForestClassifier__min_samples_split=4, RandomForestClassifier__n_estimators=100)"
RandomForestClassifier,3,5000.0,-inf,"RandomForestClassifier(PolynomialFeatures(PolynomialFeatures(input_matrix, PolynomialFeatures__degree=2, PolynomialFeatures__include_bias=False, PolynomialFeatures__interaction_only=False), PolynomialFeatures__degree=2, PolynomialFeatures__include_bias=False, PolynomialFeatures__interaction_only=False), RandomForestClassifier__bootstrap=False, RandomForestClassifier__criterion=gini, RandomForestClassifier__max_features=0.25, RandomForestClassifier__min_samples_leaf=2, RandomForestClassifier__min_samples_split=14, RandomForestClassifier__n_estimators=100)"
RandomForestClassifier,5,3.0,-inf,"RandomForestClassifier(PolynomialFeatures(RBFSampler(input_matrix, RBFSampler__gamma=0.4), PolynomialFeatures__degree=2, PolynomialFeatures__include_bias=False, PolynomialFeatures__interaction_only=False), RandomForestClassifier__bootstrap=False, RandomForestClassifier__criterion=gini, RandomForestClassifier__max_features=0.25, RandomForestClassifier__min_samples_leaf=2, RandomForestClassifier__min_samples_split=8, RandomForestClassifier__n_estimators=100)"
